0,1.1 Microscopy Activity 1 - Using a light microscope to study mitosis
1,1.2 Microscopy Activity 2 - The examination and drawing of blood cells observed in blood smears
2,1.3 Microscopy Activity 3 - Using a light microscope to examine lung tissue
3,2.1 Dissection Activity 1 - Dissection of the mammalian heart
4,2.2 Dissection Activity 2 - The dissection of a stem
5,2.3 Dissection Activity 3 - Dissection of muscle fibres from chicken wings
6,3.1 Sampling techniques Activity 1 - The calculation of species diversity
7,3.2 Sampling techniques Activity 2 - Measurement of the distribution and abundance of plants in a habitat
8,3.3 Sampling techniques Activity 3 - Investigating a correlation between a named species and the biotic and/or abiotic factors in their environment
9,4.1 Rates of enzyme controlled reactions Activity 1 - The effect of substrate concentration on the rate of an enzyme controlled reaction
10,4.2 Rates of enzyme controlled reactions Activity 2 - The effect of enzyme concentration on the rate of the reaction
11,4.3 Rates of enzyme controlled reactions Activity 3 - Investigating the effect of temperature on amylase activity
12,5.1 Colorimeter or potometer Activity 1 - The effect of temperature on membrane permeability
13,5.2 Colorimeter or potometer Activity 2 - Determining glucose concentration
14,5.3 Colorimeter or potometer Activity 3 - Using a potometer
15,6.1 Chromatography OR electrophoresis Activity 1 - Identification of the amino acids in a protein using paper chromatography
16,6.2 Chromatography OR electrophoresis Activity 2 - Electrophoresis of DNA fragments for analysis
17,6.3 Chromatography OR electrophoresis Activity 3 - Investigation using thin layer chromatography to separate photosynthetic pigments
18,7.1 Microbiological techniques Activity 1 - The effect of antibiotics on microbial growth
19,7.2 Microbiological techniques Activity 2 - Dilution plating to determine microbial density in liquid culture
20,7.3 Microbiological techniques Activity 3 - Transformation of bacteria with plasmid encoding GFP
21,8.1 Transport in and out of cells Activity 1 - Investigation into the water potential of potato cells
22,8.2 Transport in and out of cells Activity 2 - Investigating osmosis in an artificial cell
23,8.3 Transport in and out of cells Activity 3 - Investigating the rate of diffusion through a membrane
24,9.1 Qualitative testing Activity 1 - Qualitative testing for biological molecules - proteins
25,9.2 Qualitative testing Activity 2 - Qualitative testing for biological molecules - lipids
26,9.3 Qualitative testing Activity 3 - Qualitative testing for biological molecules - glucose
27,10.1 Investigation using a data logger OR computer modelling Activity 1 - Investigating DNA structure using RasMol
28,10.2 Investigation using a data logger OR computer modelling Activity 2 - Turbidity change in microbial growth in different sugars
29,10.3 Investigation using a data logger OR computer modelling Activity 3 - Measuring pH change during yoghurt production
30,11.1 Investigation into the measurement of plant or animal responses Activity 1 - Investigation into the effect of exercise on pulse rate
31,11.2 Investigation into the measurement of plant or animal responses Activity 2 - Daphnia heart rate response to changes in surrounding medium
32,11.3 Investigation into the measurement of plant or animal responses Activity 3 - Practical investigation into phototropism
33,12.1 Research Skills Activity 1 - Investigation into the respiration rate of yeast
34,12.2 Research Skills Activity 2 - Genetic crosses in fruit flies and their statistical analysis
35,12.3 Research Skills Activity 3 - Investigating the rate of oxygen production in pondweed
