0,Apply investigative approaches and methods to practical work
1,Safely and correctly use a range of practical equipment and materials
2,Follow written instructions
3,Make and record observations/measurements
4,Keep appropriate records of experimental activities
5,Present information and data in a scientific way
6,Use appropriate software and tools to process data; carry out research and report findings
7,Use online and offline research skills including websites; textbooks and other printed scientific sources of information
8,Correctly cite sources of information
9,Use a wide range of experimental and practical instruments; equipment and techniques appropriate to the knowledge and understanding included in the specification.
10,Use of appropriate apparatus to record a range of quantitative measurements (to include mass; time; volume; temperature; length and pH)
11,Use of appropriate instrumentation to record quantitative measurements; such as a colorimeter or potometer
12,Use of laboratory glassware apparatus for a variety of experimental techniques to include serial dilutions
13,Use of a light microscope at high power and low power; including use of a graticule
14,Production of scientific drawings from observations with annotations
15,Use of qualitative reagents to identify biological molecules
16,Separation of biological compounds using thin layer/paper chromatography or electrophoresis
17,Safe and ethical use of organisms to measure: (i) plant or animal responses; (ii) physiological functions
18,Use of microbiological aseptic techniques; including the use of agar plates and broth
19,Safe use of instruments for dissection of an animal or plant organ
20,Use of sampling techniques in fieldwork
21,Use of ICT such as computer modelling; or a data logger to collect data; or use of software to process data.
22,CPAC: Follows written procedures
23,CPAC: Applies investigative approaches and methods when using instruments and equipment
24,CPAC: Safely uses a range of practical equipment and materials
25,CPAC: Makes and records observations
26,CPAC: Researches; references and reports 
